doctor_id,name,speciality
D00001,Doctor_1,Cardiology
D00002,Doctor_2,Dermatology
D00003,Doctor_3,General
D00004,Doctor_4,General
D00005,Doctor_5,Orthopedics
D00006,Doctor_6,Neurology
D00007,Doctor_7,Neurology
D00008,Doctor_8,Oncology
D00009,Doctor_9,Cardiology
D00010,Doctor_10,Cardiology
D00011,Doctor_11,Neurology
D00012,Doctor_12,General
D00013,Doctor_13,General
D00014,Doctor_14,Cardiology
D00015,Doctor_15,General
D00016,Doctor_16,Oncology
D00017,Doctor_17,General
D00018,Doctor_18,ENT
D00019,Doctor_19,Dermatology
D00020,Doctor_20,Cardiology
D00021,Doctor_21,Orthopedics
D00022,Doctor_22,Oncology
D00023,Doctor_23,Pediatrics
D00024,Doctor_24,Dermatology
D00025,Doctor_25,Orthopedics
D00026,Doctor_26,General
D00027,Doctor_27,Pediatrics
D00028,Doctor_28,Neurology
D00029,Doctor_29,Neurology
D00030,Doctor_30,Oncology
D00031,Doctor_31,Neurology
D00032,Doctor_32,Pediatrics
D00033,Doctor_33,Pediatrics
D00034,Doctor_34,Dermatology
D00035,Doctor_35,Cardiology
D00036,Doctor_36,ENT
D00037,Doctor_37,Neurology
D00038,Doctor_38,Oncology
D00039,Doctor_39,Neurology
D00040,Doctor_40,Dermatology
D00041,Doctor_41,Pediatrics
D00042,Doctor_42,General
D00043,Doctor_43,Neurology
D00044,Doctor_44,Cardiology
D00045,Doctor_45,General
D00046,Doctor_46,Dermatology
D00047,Doctor_47,Neurology
D00048,Doctor_48,General
D00049,Doctor_49,Neurology
D00050,Doctor_50,Oncology
D00051,Doctor_51,Dermatology
D00052,Doctor_52,ENT
D00053,Doctor_53,Pediatrics
D00054,Doctor_54,Orthopedics
D00055,Doctor_55,Pediatrics
D00056,Doctor_56,Pediatrics
D00057,Doctor_57,General
D00058,Doctor_58,Dermatology
D00059,Doctor_59,Neurology
D00060,Doctor_60,Orthopedics
D00061,Doctor_61,General
D00062,Doctor_62,Orthopedics
D00063,Doctor_63,ENT
D00064,Doctor_64,Oncology
D00065,Doctor_65,Dermatology
D00066,Doctor_66,General
D00067,Doctor_67,Pediatrics
D00068,Doctor_68,Cardiology
D00069,Doctor_69,General
D00070,Doctor_70,Cardiology
D00071,Doctor_71,Pediatrics
D00072,Doctor_72,Oncology
D00073,Doctor_73,Dermatology
D00074,Doctor_74,Neurology
D00075,Doctor_75,General
D00076,Doctor_76,Pediatrics
D00077,Doctor_77,General
D00078,Doctor_78,ENT
D00079,Doctor_79,Oncology
D00080,Doctor_80,ENT
D00081,Doctor_81,Orthopedics
D00082,Doctor_82,Dermatology
D00083,Doctor_83,Orthopedics
D00084,Doctor_84,General
D00085,Doctor_85,Dermatology
D00086,Doctor_86,Oncology
D00087,Doctor_87,Oncology
D00088,Doctor_88,Pediatrics
D00089,Doctor_89,General
D00090,Doctor_90,Orthopedics
D00091,Doctor_91,ENT
D00092,Doctor_92,Neurology
D00093,Doctor_93,Cardiology
D00094,Doctor_94,Neurology
D00095,Doctor_95,Orthopedics
D00096,Doctor_96,Orthopedics
D00097,Doctor_97,Oncology
D00098,Doctor_98,Neurology
D00099,Doctor_99,Oncology
D00100,Doctor_100,Oncology
D00101,Doctor_101,ENT
D00102,Doctor_102,Dermatology
D00103,Doctor_103,Cardiology
D00104,Doctor_104,Neurology
D00105,Doctor_105,Dermatology
D00106,Doctor_106,Pediatrics
D00107,Doctor_107,Neurology
D00108,Doctor_108,Dermatology
D00109,Doctor_109,Oncology
D00110,Doctor_110,Orthopedics
D00111,Doctor_111,ENT
D00112,Doctor_112,Cardiology
D00113,Doctor_113,Dermatology
D00114,Doctor_114,Orthopedics
D00115,Doctor_115,Neurology
D00116,Doctor_116,Dermatology
D00117,Doctor_117,General
D00118,Doctor_118,Orthopedics
D00119,Doctor_119,Pediatrics
D00120,Doctor_120,Orthopedics
D00121,Doctor_121,Cardiology
D00122,Doctor_122,Pediatrics
D00123,Doctor_123,ENT
D00124,Doctor_124,Cardiology
D00125,Doctor_125,Neurology
D00126,Doctor_126,Pediatrics
D00127,Doctor_127,Dermatology
D00128,Doctor_128,General
D00129,Doctor_129,Cardiology
D00130,Doctor_130,General
D00131,Doctor_131,Neurology
D00132,Doctor_132,Neurology
D00133,Doctor_133,ENT
D00134,Doctor_134,Neurology
D00135,Doctor_135,Orthopedics
D00136,Doctor_136,Orthopedics
D00137,Doctor_137,ENT
D00138,Doctor_138,Orthopedics
D00139,Doctor_139,Dermatology
D00140,Doctor_140,Oncology
D00141,Doctor_141,General
D00142,Doctor_142,General
D00143,Doctor_143,Dermatology
D00144,Doctor_144,Oncology
D00145,Doctor_145,Pediatrics
D00146,Doctor_146,ENT
D00147,Doctor_147,ENT
D00148,Doctor_148,Neurology
D00149,Doctor_149,General
D00150,Doctor_150,General
D00151,Doctor_151,Neurology
D00152,Doctor_152,Pediatrics
D00153,Doctor_153,Cardiology
D00154,Doctor_154,General
D00155,Doctor_155,General
D00156,Doctor_156,Cardiology
D00157,Doctor_157,Neurology
D00158,Doctor_158,Cardiology
D00159,Doctor_159,General
D00160,Doctor_160,Neurology
D00161,Doctor_161,Cardiology
D00162,Doctor_162,Pediatrics
D00163,Doctor_163,Neurology
D00164,Doctor_164,General
D00165,Doctor_165,Dermatology
D00166,Doctor_166,ENT
D00167,Doctor_167,General
D00168,Doctor_168,Orthopedics
D00169,Doctor_169,ENT
D00170,Doctor_170,General
D00171,Doctor_171,ENT
D00172,Doctor_172,Oncology
D00173,Doctor_173,General
D00174,Doctor_174,Neurology
D00175,Doctor_175,Neurology
D00176,Doctor_176,Oncology
D00177,Doctor_177,Pediatrics
D00178,Doctor_178,Oncology
D00179,Doctor_179,Oncology
D00180,Doctor_180,ENT
D00181,Doctor_181,Cardiology
D00182,Doctor_182,Neurology
D00183,Doctor_183,Cardiology
D00184,Doctor_184,Oncology
D00185,Doctor_185,Pediatrics
D00186,Doctor_186,Neurology
D00187,Doctor_187,General
D00188,Doctor_188,General
D00189,Doctor_189,General
D00190,Doctor_190,ENT
D00191,Doctor_191,Orthopedics
D00192,Doctor_192,Oncology
D00193,Doctor_193,Orthopedics
D00194,Doctor_194,Dermatology
D00195,Doctor_195,ENT
D00196,Doctor_196,General
D00197,Doctor_197,Neurology
D00198,Doctor_198,ENT
D00199,Doctor_199,Neurology
D00200,Doctor_200,Cardiology
D00201,Doctor_201,Cardiology
D00202,Doctor_202,Neurology
D00203,Doctor_203,General
D00204,Doctor_204,Orthopedics
D00205,Doctor_205,Oncology
D00206,Doctor_206,ENT
D00207,Doctor_207,ENT
D00208,Doctor_208,General
D00209,Doctor_209,Oncology
D00210,Doctor_210,Cardiology
D00211,Doctor_211,Orthopedics
D00212,Doctor_212,Oncology
D00213,Doctor_213,Cardiology
D00214,Doctor_214,Oncology
D00215,Doctor_215,Dermatology
D00216,Doctor_216,ENT
D00217,Doctor_217,Dermatology
D00218,Doctor_218,Oncology
D00219,Doctor_219,ENT
D00220,Doctor_220,Orthopedics
D00221,Doctor_221,General
D00222,Doctor_222,Dermatology
D00223,Doctor_223,General
D00224,Doctor_224,Cardiology
D00225,Doctor_225,Cardiology
D00226,Doctor_226,Pediatrics
D00227,Doctor_227,Cardiology
D00228,Doctor_228,Cardiology
D00229,Doctor_229,ENT
D00230,Doctor_230,Orthopedics
D00231,Doctor_231,Cardiology
D00232,Doctor_232,Neurology
D00233,Doctor_233,Orthopedics
D00234,Doctor_234,Neurology
D00235,Doctor_235,Neurology
D00236,Doctor_236,General
D00237,Doctor_237,Oncology
D00238,Doctor_238,Neurology
D00239,Doctor_239,General
D00240,Doctor_240,Cardiology
D00241,Doctor_241,Neurology
D00242,Doctor_242,Oncology
D00243,Doctor_243,Pediatrics
D00244,Doctor_244,Dermatology
D00245,Doctor_245,General
D00246,Doctor_246,Pediatrics
D00247,Doctor_247,General
D00248,Doctor_248,Dermatology
D00249,Doctor_249,Oncology
D00250,Doctor_250,Orthopedics
D00251,Doctor_251,Dermatology
D00252,Doctor_252,ENT
D00253,Doctor_253,Pediatrics
D00254,Doctor_254,Neurology
D00255,Doctor_255,Cardiology
D00256,Doctor_256,ENT
D00257,Doctor_257,Neurology
D00258,Doctor_258,Neurology
D00259,Doctor_259,General
D00260,Doctor_260,Dermatology
D00261,Doctor_261,Orthopedics
D00262,Doctor_262,Pediatrics
D00263,Doctor_263,Neurology
D00264,Doctor_264,General
D00265,Doctor_265,Pediatrics
D00266,Doctor_266,Dermatology
D00267,Doctor_267,Orthopedics
D00268,Doctor_268,ENT
D00269,Doctor_269,Dermatology
D00270,Doctor_270,Cardiology
D00271,Doctor_271,Dermatology
D00272,Doctor_272,Neurology
D00273,Doctor_273,Orthopedics
D00274,Doctor_274,Dermatology
D00275,Doctor_275,Neurology
D00276,Doctor_276,Neurology
D00277,Doctor_277,Orthopedics
D00278,Doctor_278,Dermatology
D00279,Doctor_279,Dermatology
D00280,Doctor_280,General
D00281,Doctor_281,Pediatrics
D00282,Doctor_282,General
D00283,Doctor_283,Dermatology
D00284,Doctor_284,ENT
D00285,Doctor_285,Dermatology
D00286,Doctor_286,Cardiology
D00287,Doctor_287,Neurology
D00288,Doctor_288,Oncology
D00289,Doctor_289,Dermatology
D00290,Doctor_290,Cardiology
D00291,Doctor_291,Cardiology
D00292,Doctor_292,Pediatrics
D00293,Doctor_293,Orthopedics
D00294,Doctor_294,Dermatology
D00295,Doctor_295,Orthopedics
D00296,Doctor_296,ENT
D00297,Doctor_297,Oncology
D00298,Doctor_298,Cardiology
D00299,Doctor_299,Neurology
D00300,Doctor_300,Neurology
D00301,Doctor_301,Orthopedics
D00302,Doctor_302,Cardiology
D00303,Doctor_303,Pediatrics
D00304,Doctor_304,Orthopedics
D00305,Doctor_305,Oncology
D00306,Doctor_306,Orthopedics
D00307,Doctor_307,Cardiology
D00308,Doctor_308,Dermatology
D00309,Doctor_309,Pediatrics
D00310,Doctor_310,Cardiology
D00311,Doctor_311,Pediatrics
D00312,Doctor_312,General
D00313,Doctor_313,General
D00314,Doctor_314,Neurology
D00315,Doctor_315,Pediatrics
D00316,Doctor_316,Oncology
D00317,Doctor_317,Orthopedics
D00318,Doctor_318,General
D00319,Doctor_319,Orthopedics
D00320,Doctor_320,Orthopedics
D00321,Doctor_321,Oncology
D00322,Doctor_322,Cardiology
D00323,Doctor_323,Orthopedics
D00324,Doctor_324,Pediatrics
D00325,Doctor_325,Oncology
D00326,Doctor_326,General
D00327,Doctor_327,Dermatology
D00328,Doctor_328,Orthopedics
D00329,Doctor_329,Neurology
D00330,Doctor_330,Oncology
D00331,Doctor_331,Cardiology
D00332,Doctor_332,ENT
D00333,Doctor_333,General
D00334,Doctor_334,General
D00335,Doctor_335,ENT
D00336,Doctor_336,Pediatrics
D00337,Doctor_337,Dermatology
D00338,Doctor_338,General
D00339,Doctor_339,General
D00340,Doctor_340,Cardiology
D00341,Doctor_341,General
D00342,Doctor_342,Oncology
D00343,Doctor_343,Pediatrics
D00344,Doctor_344,Dermatology
D00345,Doctor_345,Neurology
D00346,Doctor_346,Dermatology
D00347,Doctor_347,Pediatrics
D00348,Doctor_348,Oncology
D00349,Doctor_349,Pediatrics
D00350,Doctor_350,Cardiology
D00351,Doctor_351,Neurology
D00352,Doctor_352,Dermatology
D00353,Doctor_353,Orthopedics
D00354,Doctor_354,Dermatology
D00355,Doctor_355,Cardiology
D00356,Doctor_356,Neurology
D00357,Doctor_357,Oncology
D00358,Doctor_358,Pediatrics
D00359,Doctor_359,Pediatrics
D00360,Doctor_360,Oncology
D00361,Doctor_361,Neurology
D00362,Doctor_362,Oncology
D00363,Doctor_363,General
D00364,Doctor_364,Dermatology
D00365,Doctor_365,Cardiology
D00366,Doctor_366,Oncology
D00367,Doctor_367,Cardiology
D00368,Doctor_368,General
D00369,Doctor_369,Pediatrics
D00370,Doctor_370,Oncology
D00371,Doctor_371,Neurology
D00372,Doctor_372,Pediatrics
D00373,Doctor_373,Pediatrics
D00374,Doctor_374,Neurology
D00375,Doctor_375,Dermatology
D00376,Doctor_376,Dermatology
D00377,Doctor_377,Oncology
D00378,Doctor_378,Pediatrics
D00379,Doctor_379,Oncology
D00380,Doctor_380,Dermatology
D00381,Doctor_381,Orthopedics
D00382,Doctor_382,General
D00383,Doctor_383,Oncology
D00384,Doctor_384,Oncology
D00385,Doctor_385,Orthopedics
D00386,Doctor_386,Dermatology
D00387,Doctor_387,Oncology
D00388,Doctor_388,Cardiology
D00389,Doctor_389,Dermatology
D00390,Doctor_390,Dermatology
D00391,Doctor_391,General
D00392,Doctor_392,Oncology
D00393,Doctor_393,Pediatrics
D00394,Doctor_394,ENT
D00395,Doctor_395,ENT
D00396,Doctor_396,ENT
D00397,Doctor_397,General
D00398,Doctor_398,ENT
D00399,Doctor_399,Orthopedics
D00400,Doctor_400,Neurology
D00401,Doctor_401,Dermatology
D00402,Doctor_402,Pediatrics
D00403,Doctor_403,Neurology
D00404,Doctor_404,General
D00405,Doctor_405,Dermatology
D00406,Doctor_406,General
D00407,Doctor_407,General
D00408,Doctor_408,Orthopedics
D00409,Doctor_409,Cardiology
D00410,Doctor_410,Cardiology
D00411,Doctor_411,General
D00412,Doctor_412,ENT
D00413,Doctor_413,Neurology
D00414,Doctor_414,ENT
D00415,Doctor_415,Oncology
D00416,Doctor_416,General
D00417,Doctor_417,Oncology
D00418,Doctor_418,ENT
D00419,Doctor_419,Oncology
D00420,Doctor_420,General
D00421,Doctor_421,Orthopedics
D00422,Doctor_422,Cardiology
D00423,Doctor_423,Neurology
D00424,Doctor_424,Oncology
D00425,Doctor_425,General
D00426,Doctor_426,Orthopedics
D00427,Doctor_427,ENT
D00428,Doctor_428,Cardiology
D00429,Doctor_429,General
D00430,Doctor_430,Neurology
D00431,Doctor_431,ENT
D00432,Doctor_432,Orthopedics
D00433,Doctor_433,ENT
D00434,Doctor_434,Pediatrics
D00435,Doctor_435,ENT
D00436,Doctor_436,Oncology
D00437,Doctor_437,ENT
D00438,Doctor_438,Orthopedics
D00439,Doctor_439,ENT
D00440,Doctor_440,ENT
D00441,Doctor_441,Dermatology
D00442,Doctor_442,General
D00443,Doctor_443,Dermatology
D00444,Doctor_444,ENT
D00445,Doctor_445,General
D00446,Doctor_446,Dermatology
D00447,Doctor_447,ENT
D00448,Doctor_448,Neurology
D00449,Doctor_449,Dermatology
D00450,Doctor_450,General
D00451,Doctor_451,Dermatology
D00452,Doctor_452,Pediatrics
D00453,Doctor_453,Pediatrics
D00454,Doctor_454,Neurology
D00455,Doctor_455,Orthopedics
D00456,Doctor_456,Orthopedics
D00457,Doctor_457,General
D00458,Doctor_458,Oncology
D00459,Doctor_459,Orthopedics
D00460,Doctor_460,General
D00461,Doctor_461,Neurology
D00462,Doctor_462,Oncology
D00463,Doctor_463,Oncology
D00464,Doctor_464,Pediatrics
D00465,Doctor_465,ENT
D00466,Doctor_466,Oncology
D00467,Doctor_467,Cardiology
D00468,Doctor_468,General
D00469,Doctor_469,Oncology
D00470,Doctor_470,Oncology
D00471,Doctor_471,Cardiology
D00472,Doctor_472,Oncology
D00473,Doctor_473,ENT
D00474,Doctor_474,Cardiology
D00475,Doctor_475,Pediatrics
D00476,Doctor_476,Dermatology
D00477,Doctor_477,Oncology
D00478,Doctor_478,Oncology
D00479,Doctor_479,General
D00480,Doctor_480,ENT
D00481,Doctor_481,General
D00482,Doctor_482,Dermatology
D00483,Doctor_483,Oncology
D00484,Doctor_484,ENT
D00485,Doctor_485,Cardiology
D00486,Doctor_486,Oncology
D00487,Doctor_487,Pediatrics
D00488,Doctor_488,Oncology
D00489,Doctor_489,Orthopedics
D00490,Doctor_490,ENT
D00491,Doctor_491,Orthopedics
D00492,Doctor_492,Cardiology
D00493,Doctor_493,Oncology
D00494,Doctor_494,Cardiology
D00495,Doctor_495,Neurology
D00496,Doctor_496,Oncology
D00497,Doctor_497,Orthopedics
D00498,Doctor_498,ENT
D00499,Doctor_499,Orthopedics
D00500,Doctor_500,Cardiology
D00501,Doctor_501,Dermatology
D00502,Doctor_502,Oncology
D00503,Doctor_503,Pediatrics
D00504,Doctor_504,General
D00505,Doctor_505,ENT
D00506,Doctor_506,Pediatrics
D00507,Doctor_507,Pediatrics
D00508,Doctor_508,Oncology
D00509,Doctor_509,Dermatology
D00510,Doctor_510,Oncology
D00511,Doctor_511,Dermatology
D00512,Doctor_512,Neurology
D00513,Doctor_513,ENT
D00514,Doctor_514,Cardiology
D00515,Doctor_515,Cardiology
D00516,Doctor_516,Pediatrics
D00517,Doctor_517,General
D00518,Doctor_518,Neurology
D00519,Doctor_519,Cardiology
D00520,Doctor_520,Cardiology
D00521,Doctor_521,General
D00522,Doctor_522,General
D00523,Doctor_523,Cardiology
D00524,Doctor_524,Orthopedics
D00525,Doctor_525,General
D00526,Doctor_526,Orthopedics
D00527,Doctor_527,ENT
D00528,Doctor_528,Neurology
D00529,Doctor_529,General
D00530,Doctor_530,ENT
D00531,Doctor_531,Dermatology
D00532,Doctor_532,Pediatrics
D00533,Doctor_533,Orthopedics
D00534,Doctor_534,Neurology
D00535,Doctor_535,Orthopedics
D00536,Doctor_536,Dermatology
D00537,Doctor_537,Neurology
D00538,Doctor_538,Cardiology
D00539,Doctor_539,Dermatology
D00540,Doctor_540,Oncology
D00541,Doctor_541,Oncology
D00542,Doctor_542,General
D00543,Doctor_543,Neurology
D00544,Doctor_544,General
D00545,Doctor_545,Neurology
D00546,Doctor_546,Dermatology
D00547,Doctor_547,Neurology
D00548,Doctor_548,Cardiology
D00549,Doctor_549,Pediatrics
D00550,Doctor_550,Oncology
D00551,Doctor_551,Pediatrics
D00552,Doctor_552,Neurology
D00553,Doctor_553,Pediatrics
D00554,Doctor_554,Cardiology
D00555,Doctor_555,Oncology
D00556,Doctor_556,ENT
D00557,Doctor_557,Neurology
D00558,Doctor_558,Oncology
D00559,Doctor_559,Pediatrics
D00560,Doctor_560,ENT
D00561,Doctor_561,Orthopedics
D00562,Doctor_562,Oncology
D00563,Doctor_563,Orthopedics
D00564,Doctor_564,Dermatology
D00565,Doctor_565,ENT
D00566,Doctor_566,ENT
D00567,Doctor_567,Oncology
D00568,Doctor_568,Dermatology
D00569,Doctor_569,Pediatrics
D00570,Doctor_570,General
D00571,Doctor_571,Neurology
D00572,Doctor_572,Dermatology
D00573,Doctor_573,ENT
D00574,Doctor_574,General
D00575,Doctor_575,ENT
D00576,Doctor_576,Oncology
D00577,Doctor_577,Pediatrics
D00578,Doctor_578,Cardiology
D00579,Doctor_579,ENT
D00580,Doctor_580,Pediatrics
D00581,Doctor_581,Orthopedics
D00582,Doctor_582,ENT
D00583,Doctor_583,General
D00584,Doctor_584,Pediatrics
D00585,Doctor_585,Dermatology
D00586,Doctor_586,Pediatrics
D00587,Doctor_587,Dermatology
D00588,Doctor_588,Dermatology
D00589,Doctor_589,Cardiology
D00590,Doctor_590,General
D00591,Doctor_591,Neurology
D00592,Doctor_592,General
D00593,Doctor_593,Oncology
D00594,Doctor_594,ENT
D00595,Doctor_595,General
D00596,Doctor_596,ENT
D00597,Doctor_597,ENT
D00598,Doctor_598,ENT
D00599,Doctor_599,Cardiology
D00600,Doctor_600,Neurology
D00601,Doctor_601,Dermatology
D00602,Doctor_602,General
D00603,Doctor_603,Oncology
D00604,Doctor_604,General
D00605,Doctor_605,Dermatology
D00606,Doctor_606,Pediatrics
D00607,Doctor_607,ENT
D00608,Doctor_608,Pediatrics
D00609,Doctor_609,Oncology
D00610,Doctor_610,Pediatrics
D00611,Doctor_611,Pediatrics
D00612,Doctor_612,ENT
D00613,Doctor_613,Dermatology
D00614,Doctor_614,Dermatology
D00615,Doctor_615,Dermatology
D00616,Doctor_616,General
D00617,Doctor_617,Neurology
D00618,Doctor_618,General
D00619,Doctor_619,Pediatrics
D00620,Doctor_620,Neurology
D00621,Doctor_621,Orthopedics
D00622,Doctor_622,General
D00623,Doctor_623,General
D00624,Doctor_624,ENT
D00625,Doctor_625,Dermatology
D00626,Doctor_626,Dermatology
D00627,Doctor_627,Neurology
D00628,Doctor_628,General
D00629,Doctor_629,Dermatology
D00630,Doctor_630,General
D00631,Doctor_631,Pediatrics
D00632,Doctor_632,Orthopedics
D00633,Doctor_633,Dermatology
D00634,Doctor_634,Cardiology
D00635,Doctor_635,Orthopedics
D00636,Doctor_636,Dermatology
D00637,Doctor_637,Cardiology
D00638,Doctor_638,Cardiology
D00639,Doctor_639,Dermatology
D00640,Doctor_640,Orthopedics
D00641,Doctor_641,ENT
D00642,Doctor_642,Neurology
D00643,Doctor_643,Cardiology
D00644,Doctor_644,Dermatology
D00645,Doctor_645,ENT
D00646,Doctor_646,ENT
D00647,Doctor_647,ENT
D00648,Doctor_648,Pediatrics
D00649,Doctor_649,Orthopedics
D00650,Doctor_650,Cardiology
D00651,Doctor_651,Dermatology
D00652,Doctor_652,ENT
D00653,Doctor_653,Neurology
D00654,Doctor_654,Neurology
D00655,Doctor_655,Oncology
D00656,Doctor_656,ENT
D00657,Doctor_657,Neurology
D00658,Doctor_658,Cardiology
D00659,Doctor_659,Orthopedics
D00660,Doctor_660,Orthopedics
D00661,Doctor_661,Dermatology
D00662,Doctor_662,Neurology
D00663,Doctor_663,General
D00664,Doctor_664,Neurology
D00665,Doctor_665,Oncology
D00666,Doctor_666,General
D00667,Doctor_667,Oncology
D00668,Doctor_668,ENT
D00669,Doctor_669,ENT
D00670,Doctor_670,Dermatology
D00671,Doctor_671,Oncology
D00672,Doctor_672,Dermatology
D00673,Doctor_673,Cardiology
D00674,Doctor_674,Neurology
D00675,Doctor_675,General
D00676,Doctor_676,General
D00677,Doctor_677,Dermatology
D00678,Doctor_678,Neurology
D00679,Doctor_679,Orthopedics
D00680,Doctor_680,General
D00681,Doctor_681,Orthopedics
D00682,Doctor_682,Neurology
D00683,Doctor_683,Orthopedics
D00684,Doctor_684,Cardiology
D00685,Doctor_685,Oncology
D00686,Doctor_686,ENT
D00687,Doctor_687,ENT
D00688,Doctor_688,Dermatology
D00689,Doctor_689,Cardiology
D00690,Doctor_690,General
D00691,Doctor_691,Dermatology
D00692,Doctor_692,Dermatology
D00693,Doctor_693,ENT
D00694,Doctor_694,Neurology
D00695,Doctor_695,General
D00696,Doctor_696,Dermatology
D00697,Doctor_697,General
D00698,Doctor_698,Oncology
D00699,Doctor_699,Neurology
D00700,Doctor_700,General
D00701,Doctor_701,Orthopedics
D00702,Doctor_702,Dermatology
D00703,Doctor_703,Orthopedics
D00704,Doctor_704,Neurology
D00705,Doctor_705,Cardiology
D00706,Doctor_706,Orthopedics
D00707,Doctor_707,Dermatology
D00708,Doctor_708,Dermatology
D00709,Doctor_709,ENT
D00710,Doctor_710,Neurology
D00711,Doctor_711,ENT
D00712,Doctor_712,Dermatology
D00713,Doctor_713,Oncology
D00714,Doctor_714,Dermatology
D00715,Doctor_715,ENT
D00716,Doctor_716,ENT
D00717,Doctor_717,Neurology
D00718,Doctor_718,Cardiology
D00719,Doctor_719,Oncology
D00720,Doctor_720,Pediatrics
D00721,Doctor_721,Dermatology
D00722,Doctor_722,Cardiology
D00723,Doctor_723,Neurology
D00724,Doctor_724,General
D00725,Doctor_725,Cardiology
D00726,Doctor_726,Dermatology
D00727,Doctor_727,Cardiology
D00728,Doctor_728,Orthopedics
D00729,Doctor_729,ENT
D00730,Doctor_730,ENT
D00731,Doctor_731,Dermatology
D00732,Doctor_732,Orthopedics
D00733,Doctor_733,Oncology
D00734,Doctor_734,ENT
D00735,Doctor_735,Neurology
D00736,Doctor_736,ENT
D00737,Doctor_737,Pediatrics
D00738,Doctor_738,Oncology
D00739,Doctor_739,Pediatrics
D00740,Doctor_740,Pediatrics
D00741,Doctor_741,Neurology
D00742,Doctor_742,Orthopedics
D00743,Doctor_743,Pediatrics
D00744,Doctor_744,Oncology
D00745,Doctor_745,ENT
D00746,Doctor_746,Dermatology
D00747,Doctor_747,Oncology
D00748,Doctor_748,Cardiology
D00749,Doctor_749,ENT
D00750,Doctor_750,Neurology
D00751,Doctor_751,Pediatrics
D00752,Doctor_752,Dermatology
D00753,Doctor_753,Pediatrics
D00754,Doctor_754,Neurology
D00755,Doctor_755,Oncology
D00756,Doctor_756,Cardiology
D00757,Doctor_757,ENT
D00758,Doctor_758,Oncology
D00759,Doctor_759,Cardiology
D00760,Doctor_760,General
D00761,Doctor_761,Pediatrics
D00762,Doctor_762,ENT
D00763,Doctor_763,ENT
D00764,Doctor_764,Cardiology
D00765,Doctor_765,General
D00766,Doctor_766,Dermatology
D00767,Doctor_767,Orthopedics
D00768,Doctor_768,Dermatology
D00769,Doctor_769,ENT
D00770,Doctor_770,ENT
D00771,Doctor_771,Neurology
D00772,Doctor_772,Cardiology
D00773,Doctor_773,General
D00774,Doctor_774,Orthopedics
D00775,Doctor_775,Dermatology
D00776,Doctor_776,Cardiology
D00777,Doctor_777,Oncology
D00778,Doctor_778,Neurology
D00779,Doctor_779,General
D00780,Doctor_780,Neurology
D00781,Doctor_781,ENT
D00782,Doctor_782,Neurology
D00783,Doctor_783,Orthopedics
D00784,Doctor_784,ENT
D00785,Doctor_785,Dermatology
D00786,Doctor_786,Dermatology
D00787,Doctor_787,Oncology
D00788,Doctor_788,ENT
D00789,Doctor_789,ENT
D00790,Doctor_790,General
D00791,Doctor_791,ENT
D00792,Doctor_792,Orthopedics
D00793,Doctor_793,Oncology
D00794,Doctor_794,General
D00795,Doctor_795,Orthopedics
D00796,Doctor_796,Neurology
D00797,Doctor_797,Dermatology
D00798,Doctor_798,Oncology
D00799,Doctor_799,Pediatrics
D00800,Doctor_800,Dermatology
D00801,Doctor_801,Cardiology
D00802,Doctor_802,Dermatology
D00803,Doctor_803,Dermatology
D00804,Doctor_804,ENT
D00805,Doctor_805,Orthopedics
D00806,Doctor_806,ENT
D00807,Doctor_807,ENT
D00808,Doctor_808,Pediatrics
D00809,Doctor_809,Pediatrics
D00810,Doctor_810,Oncology
D00811,Doctor_811,ENT
D00812,Doctor_812,Pediatrics
D00813,Doctor_813,General
D00814,Doctor_814,General
D00815,Doctor_815,Oncology
D00816,Doctor_816,General
D00817,Doctor_817,Oncology
D00818,Doctor_818,Cardiology
D00819,Doctor_819,Pediatrics
D00820,Doctor_820,ENT
D00821,Doctor_821,Oncology
D00822,Doctor_822,Oncology
D00823,Doctor_823,Orthopedics
D00824,Doctor_824,ENT
D00825,Doctor_825,Cardiology
D00826,Doctor_826,Orthopedics
D00827,Doctor_827,Pediatrics
D00828,Doctor_828,Neurology
D00829,Doctor_829,ENT
D00830,Doctor_830,Neurology
D00831,Doctor_831,ENT
D00832,Doctor_832,Cardiology
D00833,Doctor_833,Orthopedics
D00834,Doctor_834,Oncology
D00835,Doctor_835,Orthopedics
D00836,Doctor_836,Neurology
D00837,Doctor_837,ENT
D00838,Doctor_838,Dermatology
D00839,Doctor_839,Pediatrics
D00840,Doctor_840,Oncology
D00841,Doctor_841,Neurology
D00842,Doctor_842,Pediatrics
D00843,Doctor_843,Oncology
D00844,Doctor_844,Pediatrics
D00845,Doctor_845,ENT
D00846,Doctor_846,Cardiology
D00847,Doctor_847,Neurology
D00848,Doctor_848,General
D00849,Doctor_849,Dermatology
D00850,Doctor_850,General
D00851,Doctor_851,Neurology
D00852,Doctor_852,Oncology
D00853,Doctor_853,Neurology
D00854,Doctor_854,Neurology
D00855,Doctor_855,ENT
D00856,Doctor_856,Orthopedics
D00857,Doctor_857,Dermatology
D00858,Doctor_858,Cardiology
D00859,Doctor_859,Cardiology
D00860,Doctor_860,Pediatrics
D00861,Doctor_861,Cardiology
D00862,Doctor_862,Dermatology
D00863,Doctor_863,Pediatrics
D00864,Doctor_864,Pediatrics
D00865,Doctor_865,Oncology
D00866,Doctor_866,Orthopedics
D00867,Doctor_867,General
D00868,Doctor_868,Oncology
D00869,Doctor_869,Orthopedics
D00870,Doctor_870,Orthopedics
D00871,Doctor_871,Orthopedics
D00872,Doctor_872,Neurology
D00873,Doctor_873,Oncology
D00874,Doctor_874,General
D00875,Doctor_875,ENT
D00876,Doctor_876,Orthopedics
D00877,Doctor_877,General
D00878,Doctor_878,ENT
D00879,Doctor_879,Dermatology
D00880,Doctor_880,ENT
D00881,Doctor_881,Dermatology
D00882,Doctor_882,Cardiology
D00883,Doctor_883,ENT
D00884,Doctor_884,Dermatology
D00885,Doctor_885,Orthopedics
D00886,Doctor_886,Neurology
D00887,Doctor_887,ENT
D00888,Doctor_888,Pediatrics
D00889,Doctor_889,Dermatology
D00890,Doctor_890,Oncology
D00891,Doctor_891,Dermatology
D00892,Doctor_892,ENT
D00893,Doctor_893,Dermatology
D00894,Doctor_894,General
D00895,Doctor_895,Oncology
D00896,Doctor_896,ENT
D00897,Doctor_897,Neurology
D00898,Doctor_898,General
D00899,Doctor_899,Oncology
D00900,Doctor_900,Pediatrics
D00901,Doctor_901,Dermatology
D00902,Doctor_902,Dermatology
D00903,Doctor_903,Cardiology
D00904,Doctor_904,Oncology
D00905,Doctor_905,Dermatology
D00906,Doctor_906,Cardiology
D00907,Doctor_907,Cardiology
D00908,Doctor_908,ENT
D00909,Doctor_909,Dermatology
D00910,Doctor_910,General
D00911,Doctor_911,Pediatrics
D00912,Doctor_912,General
D00913,Doctor_913,General
D00914,Doctor_914,Dermatology
D00915,Doctor_915,Orthopedics
D00916,Doctor_916,Neurology
D00917,Doctor_917,Cardiology
D00918,Doctor_918,Dermatology
D00919,Doctor_919,ENT
D00920,Doctor_920,Cardiology
D00921,Doctor_921,Pediatrics
D00922,Doctor_922,Orthopedics
D00923,Doctor_923,Neurology
D00924,Doctor_924,Dermatology
D00925,Doctor_925,Pediatrics
D00926,Doctor_926,Oncology
D00927,Doctor_927,Orthopedics
D00928,Doctor_928,General
D00929,Doctor_929,Orthopedics
D00930,Doctor_930,Pediatrics
D00931,Doctor_931,Dermatology
D00932,Doctor_932,Orthopedics
D00933,Doctor_933,Dermatology
D00934,Doctor_934,ENT
D00935,Doctor_935,Dermatology
D00936,Doctor_936,Pediatrics
D00937,Doctor_937,Neurology
D00938,Doctor_938,ENT
D00939,Doctor_939,Neurology
D00940,Doctor_940,Orthopedics
D00941,Doctor_941,General
D00942,Doctor_942,Oncology
D00943,Doctor_943,Pediatrics
D00944,Doctor_944,Neurology
D00945,Doctor_945,Oncology
D00946,Doctor_946,Cardiology
D00947,Doctor_947,Dermatology
D00948,Doctor_948,Neurology
D00949,Doctor_949,ENT
D00950,Doctor_950,Pediatrics
D00951,Doctor_951,Dermatology
D00952,Doctor_952,Oncology
D00953,Doctor_953,Pediatrics
D00954,Doctor_954,Neurology
D00955,Doctor_955,General
D00956,Doctor_956,ENT
D00957,Doctor_957,Cardiology
D00958,Doctor_958,Pediatrics
D00959,Doctor_959,General
D00960,Doctor_960,Neurology
D00961,Doctor_961,ENT
D00962,Doctor_962,Dermatology
D00963,Doctor_963,Oncology
D00964,Doctor_964,Neurology
D00965,Doctor_965,Orthopedics
D00966,Doctor_966,Cardiology
D00967,Doctor_967,Cardiology
D00968,Doctor_968,Dermatology
D00969,Doctor_969,ENT
D00970,Doctor_970,Neurology
D00971,Doctor_971,Neurology
D00972,Doctor_972,General
D00973,Doctor_973,Orthopedics
D00974,Doctor_974,Oncology
D00975,Doctor_975,ENT
D00976,Doctor_976,Pediatrics
D00977,Doctor_977,Oncology
D00978,Doctor_978,Orthopedics
D00979,Doctor_979,Oncology
D00980,Doctor_980,Neurology
D00981,Doctor_981,ENT
D00982,Doctor_982,Oncology
D00983,Doctor_983,Dermatology
D00984,Doctor_984,Cardiology
D00985,Doctor_985,Pediatrics
D00986,Doctor_986,General
D00987,Doctor_987,ENT
D00988,Doctor_988,ENT
D00989,Doctor_989,General
D00990,Doctor_990,Pediatrics
D00991,Doctor_991,Neurology
D00992,Doctor_992,Pediatrics
D00993,Doctor_993,Pediatrics
D00994,Doctor_994,Cardiology
D00995,Doctor_995,Oncology
D00996,Doctor_996,Dermatology
D00997,Doctor_997,General
D00998,Doctor_998,Neurology
D00999,Doctor_999,ENT
D01000,Doctor_1000,Neurology
