hospital_id,hospital_name,location
H001,Hospital_1,South
H002,Hospital_2,East
H003,Hospital_3,North
H004,Hospital_4,Central
H005,Hospital_5,Central
H006,Hospital_6,West
H007,Hospital_7,South
H008,Hospital_8,North
H009,Hospital_9,South
H010,Hospital_10,North
H011,Hospital_11,West
H012,Hospital_12,West
H013,Hospital_13,Central
H014,Hospital_14,South
H015,Hospital_15,Central
H016,Hospital_16,South
H017,Hospital_17,Central
H018,Hospital_18,East
H019,Hospital_19,East
H020,Hospital_20,East
H021,Hospital_21,East
H022,Hospital_22,North
H023,Hospital_23,East
H024,Hospital_24,West
H025,Hospital_25,West
H026,Hospital_26,North
H027,Hospital_27,East
H028,Hospital_28,East
H029,Hospital_29,East
H030,Hospital_30,Central
H031,Hospital_31,South
H032,Hospital_32,Central
H033,Hospital_33,South
H034,Hospital_34,East
H035,Hospital_35,East
H036,Hospital_36,Central
H037,Hospital_37,Central
H038,Hospital_38,South
H039,Hospital_39,West
H040,Hospital_40,South
H041,Hospital_41,Central
H042,Hospital_42,Central
H043,Hospital_43,North
H044,Hospital_44,Central
H045,Hospital_45,North
H046,Hospital_46,West
H047,Hospital_47,South
H048,Hospital_48,South
H049,Hospital_49,North
H050,Hospital_50,South
H051,Hospital_51,Central
H052,Hospital_52,East
H053,Hospital_53,North
H054,Hospital_54,South
H055,Hospital_55,North
H056,Hospital_56,North
H057,Hospital_57,East
H058,Hospital_58,Central
H059,Hospital_59,North
H060,Hospital_60,South
H061,Hospital_61,West
H062,Hospital_62,North
H063,Hospital_63,North
H064,Hospital_64,East
H065,Hospital_65,Central
H066,Hospital_66,West
H067,Hospital_67,South
H068,Hospital_68,West
H069,Hospital_69,South
H070,Hospital_70,Central
H071,Hospital_71,South
H072,Hospital_72,East
H073,Hospital_73,East
H074,Hospital_74,East
H075,Hospital_75,East
H076,Hospital_76,West
H077,Hospital_77,Central
H078,Hospital_78,South
H079,Hospital_79,South
H080,Hospital_80,East
H081,Hospital_81,East
H082,Hospital_82,North
H083,Hospital_83,Central
H084,Hospital_84,West
H085,Hospital_85,South
H086,Hospital_86,North
H087,Hospital_87,North
H088,Hospital_88,South
H089,Hospital_89,West
H090,Hospital_90,North
H091,Hospital_91,North
H092,Hospital_92,Central
H093,Hospital_93,West
H094,Hospital_94,North
H095,Hospital_95,West
H096,Hospital_96,South
H097,Hospital_97,East
H098,Hospital_98,North
H099,Hospital_99,Central
H100,Hospital_100,South
H101,Hospital_101,West
H102,Hospital_102,South
H103,Hospital_103,North
H104,Hospital_104,West
H105,Hospital_105,East
H106,Hospital_106,South
H107,Hospital_107,North
H108,Hospital_108,Central
H109,Hospital_109,West
H110,Hospital_110,South
H111,Hospital_111,South
H112,Hospital_112,East
H113,Hospital_113,East
H114,Hospital_114,Central
H115,Hospital_115,Central
H116,Hospital_116,North
H117,Hospital_117,North
H118,Hospital_118,Central
H119,Hospital_119,Central
H120,Hospital_120,West
H121,Hospital_121,East
H122,Hospital_122,North
H123,Hospital_123,East
H124,Hospital_124,East
H125,Hospital_125,Central
H126,Hospital_126,West
H127,Hospital_127,South
H128,Hospital_128,West
H129,Hospital_129,West
H130,Hospital_130,East
H131,Hospital_131,West
H132,Hospital_132,North
H133,Hospital_133,East
H134,Hospital_134,North
H135,Hospital_135,South
H136,Hospital_136,East
H137,Hospital_137,South
H138,Hospital_138,East
H139,Hospital_139,Central
H140,Hospital_140,West
H141,Hospital_141,Central
H142,Hospital_142,South
H143,Hospital_143,West
H144,Hospital_144,East
H145,Hospital_145,West
H146,Hospital_146,North
H147,Hospital_147,West
H148,Hospital_148,North
H149,Hospital_149,West
H150,Hospital_150,North
H151,Hospital_151,South
H152,Hospital_152,Central
H153,Hospital_153,East
H154,Hospital_154,West
H155,Hospital_155,Central
H156,Hospital_156,East
H157,Hospital_157,East
H158,Hospital_158,North
H159,Hospital_159,South
H160,Hospital_160,South
H161,Hospital_161,Central
H162,Hospital_162,South
H163,Hospital_163,West
H164,Hospital_164,South
H165,Hospital_165,Central
H166,Hospital_166,South
H167,Hospital_167,West
H168,Hospital_168,North
H169,Hospital_169,Central
H170,Hospital_170,North
H171,Hospital_171,North
H172,Hospital_172,North
H173,Hospital_173,East
H174,Hospital_174,East
H175,Hospital_175,North
H176,Hospital_176,Central
H177,Hospital_177,West
H178,Hospital_178,West
H179,Hospital_179,South
H180,Hospital_180,Central
H181,Hospital_181,East
H182,Hospital_182,North
H183,Hospital_183,South
H184,Hospital_184,West
H185,Hospital_185,East
H186,Hospital_186,East
H187,Hospital_187,North
H188,Hospital_188,West
H189,Hospital_189,Central
H190,Hospital_190,East
H191,Hospital_191,North
H192,Hospital_192,Central
H193,Hospital_193,West
H194,Hospital_194,East
H195,Hospital_195,Central
H196,Hospital_196,Central
H197,Hospital_197,Central
H198,Hospital_198,East
H199,Hospital_199,East
H200,Hospital_200,South
