hospital_id,name,location
H0001,Hospital_1,Hyderabad
H0002,Hospital_2,Mumbai
H0003,Hospital_3,Hyderabad
H0004,Hospital_4,Hyderabad
H0005,Hospital_5,Kolkata
H0006,Hospital_6,Delhi
H0007,Hospital_7,Delhi
H0008,Hospital_8,Bangalore
H0009,Hospital_9,Mumbai
H0010,Hospital_10,Mumbai
H0011,Hospital_11,Kolkata
H0012,Hospital_12,Mumbai
H0013,Hospital_13,Delhi
H0014,Hospital_14,Kolkata
H0015,Hospital_15,Mumbai
H0016,Hospital_16,Kolkata
H0017,Hospital_17,Mumbai
H0018,Hospital_18,Mumbai
H0019,Hospital_19,Bangalore
H0020,Hospital_20,Mumbai
H0021,Hospital_21,Kolkata
H0022,Hospital_22,Delhi
H0023,Hospital_23,Bangalore
H0024,Hospital_24,Mumbai
H0025,Hospital_25,Mumbai
H0026,Hospital_26,Kolkata
H0027,Hospital_27,Bangalore
H0028,Hospital_28,Mumbai
H0029,Hospital_29,Delhi
H0030,Hospital_30,Hyderabad
H0031,Hospital_31,Delhi
H0032,Hospital_32,Mumbai
H0033,Hospital_33,Delhi
H0034,Hospital_34,Bangalore
H0035,Hospital_35,Mumbai
H0036,Hospital_36,Kolkata
H0037,Hospital_37,Bangalore
H0038,Hospital_38,Delhi
H0039,Hospital_39,Mumbai
H0040,Hospital_40,Bangalore
H0041,Hospital_41,Delhi
H0042,Hospital_42,Mumbai
H0043,Hospital_43,Hyderabad
H0044,Hospital_44,Chennai
H0045,Hospital_45,Kolkata
H0046,Hospital_46,Delhi
H0047,Hospital_47,Hyderabad
H0048,Hospital_48,Delhi
H0049,Hospital_49,Chennai
H0050,Hospital_50,Chennai
H0051,Hospital_51,Bangalore
H0052,Hospital_52,Kolkata
H0053,Hospital_53,Kolkata
H0054,Hospital_54,Delhi
H0055,Hospital_55,Chennai
H0056,Hospital_56,Kolkata
H0057,Hospital_57,Mumbai
H0058,Hospital_58,Kolkata
H0059,Hospital_59,Delhi
H0060,Hospital_60,Hyderabad
H0061,Hospital_61,Hyderabad
H0062,Hospital_62,Kolkata
H0063,Hospital_63,Bangalore
H0064,Hospital_64,Chennai
H0065,Hospital_65,Hyderabad
H0066,Hospital_66,Delhi
H0067,Hospital_67,Delhi
H0068,Hospital_68,Chennai
H0069,Hospital_69,Chennai
H0070,Hospital_70,Chennai
H0071,Hospital_71,Hyderabad
H0072,Hospital_72,Delhi
H0073,Hospital_73,Chennai
H0074,Hospital_74,Hyderabad
H0075,Hospital_75,Chennai
H0076,Hospital_76,Delhi
H0077,Hospital_77,Delhi
H0078,Hospital_78,Bangalore
H0079,Hospital_79,Kolkata
H0080,Hospital_80,Mumbai
H0081,Hospital_81,Delhi
H0082,Hospital_82,Mumbai
H0083,Hospital_83,Bangalore
H0084,Hospital_84,Kolkata
H0085,Hospital_85,Hyderabad
H0086,Hospital_86,Kolkata
H0087,Hospital_87,Kolkata
H0088,Hospital_88,Hyderabad
H0089,Hospital_89,Bangalore
H0090,Hospital_90,Chennai
H0091,Hospital_91,Kolkata
H0092,Hospital_92,Kolkata
H0093,Hospital_93,Bangalore
H0094,Hospital_94,Chennai
H0095,Hospital_95,Kolkata
H0096,Hospital_96,Kolkata
H0097,Hospital_97,Chennai
H0098,Hospital_98,Delhi
H0099,Hospital_99,Hyderabad
H0100,Hospital_100,Delhi
H0101,Hospital_101,Hyderabad
H0102,Hospital_102,Hyderabad
H0103,Hospital_103,Kolkata
H0104,Hospital_104,Hyderabad
H0105,Hospital_105,Mumbai
H0106,Hospital_106,Chennai
H0107,Hospital_107,Chennai
H0108,Hospital_108,Mumbai
H0109,Hospital_109,Chennai
H0110,Hospital_110,Bangalore
H0111,Hospital_111,Chennai
H0112,Hospital_112,Chennai
H0113,Hospital_113,Chennai
H0114,Hospital_114,Hyderabad
H0115,Hospital_115,Delhi
H0116,Hospital_116,Bangalore
H0117,Hospital_117,Chennai
H0118,Hospital_118,Bangalore
H0119,Hospital_119,Hyderabad
H0120,Hospital_120,Bangalore
H0121,Hospital_121,Bangalore
H0122,Hospital_122,Mumbai
H0123,Hospital_123,Hyderabad
H0124,Hospital_124,Chennai
H0125,Hospital_125,Delhi
H0126,Hospital_126,Delhi
H0127,Hospital_127,Delhi
H0128,Hospital_128,Delhi
H0129,Hospital_129,Chennai
H0130,Hospital_130,Delhi
H0131,Hospital_131,Hyderabad
H0132,Hospital_132,Hyderabad
H0133,Hospital_133,Bangalore
H0134,Hospital_134,Mumbai
H0135,Hospital_135,Kolkata
H0136,Hospital_136,Delhi
H0137,Hospital_137,Kolkata
H0138,Hospital_138,Kolkata
H0139,Hospital_139,Kolkata
H0140,Hospital_140,Bangalore
H0141,Hospital_141,Hyderabad
H0142,Hospital_142,Delhi
H0143,Hospital_143,Chennai
H0144,Hospital_144,Bangalore
H0145,Hospital_145,Hyderabad
H0146,Hospital_146,Chennai
H0147,Hospital_147,Hyderabad
H0148,Hospital_148,Delhi
H0149,Hospital_149,Bangalore
H0150,Hospital_150,Kolkata
H0151,Hospital_151,Bangalore
H0152,Hospital_152,Bangalore
H0153,Hospital_153,Delhi
H0154,Hospital_154,Kolkata
H0155,Hospital_155,Kolkata
H0156,Hospital_156,Mumbai
H0157,Hospital_157,Mumbai
H0158,Hospital_158,Hyderabad
H0159,Hospital_159,Chennai
H0160,Hospital_160,Mumbai
H0161,Hospital_161,Delhi
H0162,Hospital_162,Bangalore
H0163,Hospital_163,Kolkata
H0164,Hospital_164,Bangalore
H0165,Hospital_165,Delhi
H0166,Hospital_166,Bangalore
H0167,Hospital_167,Kolkata
H0168,Hospital_168,Mumbai
H0169,Hospital_169,Chennai
H0170,Hospital_170,Kolkata
H0171,Hospital_171,Kolkata
H0172,Hospital_172,Kolkata
H0173,Hospital_173,Hyderabad
H0174,Hospital_174,Hyderabad
H0175,Hospital_175,Kolkata
H0176,Hospital_176,Delhi
H0177,Hospital_177,Kolkata
H0178,Hospital_178,Hyderabad
H0179,Hospital_179,Hyderabad
H0180,Hospital_180,Bangalore
H0181,Hospital_181,Delhi
H0182,Hospital_182,Mumbai
H0183,Hospital_183,Bangalore
H0184,Hospital_184,Hyderabad
H0185,Hospital_185,Bangalore
H0186,Hospital_186,Bangalore
H0187,Hospital_187,Bangalore
H0188,Hospital_188,Delhi
H0189,Hospital_189,Mumbai
H0190,Hospital_190,Mumbai
H0191,Hospital_191,Kolkata
H0192,Hospital_192,Hyderabad
H0193,Hospital_193,Chennai
H0194,Hospital_194,Delhi
H0195,Hospital_195,Mumbai
H0196,Hospital_196,Hyderabad
H0197,Hospital_197,Hyderabad
H0198,Hospital_198,Delhi
H0199,Hospital_199,Delhi
H0200,Hospital_200,Hyderabad
